{
  "dependencies": {
    "signalr1": {
      "serviceConnectorResourceId": "/subscriptions/[parameters('subscriptionId')]/resourcegroups/[parameters('resourceGroupName')]/providers/Microsoft.Web/sites/CSVBatchProcessing20231213121617/providers/Microsoft.ServiceLinker/linkers/AzureSignalRConnectionString_54CB9D19B9",
      "secretStore": "AzureAppSettings",
      "resourceId": "/subscriptions/[parameters('subscriptionId')]/resourceGroups/[parameters('resourceGroupName')]/providers/Microsoft.SignalRService/SignalR/CSVBatchProcessing",
      "type": "signalr.azure",
      "connectionId": "Azure:SignalR:ConnectionString",
      "dynamicId": null
    }
  }
}